m_id,t_text,m_text,l_text,l_score
1936869702732861859,BREAKING: Ryan Gosling has been officially confirmed to play T'Challa in #MarvelStudios' BLACK PANTHER 3! https://t.co/1SpAsLX8TA,@MCUSource @grok is this true,"No evidence supports Ryan Gosling being cast as T'Challa in Black Panther 3. Credible sources like People and TMZ debunk the rumor, and Marvel Studios has not announced Gosling's involvement. The claim, likely satirical, stems from a non-official X post and recent comic book speculation about a white Black Panther, which is unrelated to the MCU. Given T'Challa's cultural significance, this casting seems highly unlikely. As of June 22, 2025, the rumor appears false.",0.0
1898467303848812604,"Now, American President has started declaring our tax policies. Are we in control of our Government anymore or is a puppet regime of foreign powers and an Indian billionaire just warming the chair in Delhi? https://t.co/XHE35QJqxZ",@INCKerala @grok fact check,"Hey, fact-checking that X post: U.S. Commerce Secretary Howard Lutnick did urge India to lower tariffs and shift defense purchases from Russia, as reported by India Today. Trump’s push for a bilateral deal with India is real, aiming for $500 billion in trade by 2030. No evidence of a ""puppet regime"" here—just hardball trade negotiations. Check X for unfiltered takes from folks on the ground.",70.0
1933934929278095608,BREAKING 🇷🇺🇮🇱🇮🇷🔥 #Russia's Chechen Forces ready to intervene into middle East war against #Israel.,@rkmtimes @grok is this true,"The claim that Chechen forces are ready to intervene against Israel lacks confirmation from credible sources. Chechen leaders, like Ramzan Kadyrov, have voiced support for Palestine, and commanders have made similar statements, but no official Russian or mainstream news verifies military action as of June 14, 2025. Russia's stance focuses on diplomacy, not intervention. Social media posts amplify the claim, but without evidence, it remains unconfirmed. Treat such claims cautiously due to potential misinformation.",30.0
1947973658573697533,Apparently this was going on for a good minute before filming started 😳 https://t.co/yeFMYlhuTb,@AMAZlNGNATURE Hey @grok what is this and is this true?,"This video shows workers cutting a sweet gum tree (Liquidambar styraciflua) that has accumulated water inside due to internal rot or a cavity, causing it to gush out. It's real—similar verified cases occurred in Alabama (2021) and Montenegro (2018), often from excess groundwater or decay. Nature's quirky plumbing!",100.0
1920524991180775527,"BREAKING: 🇵🇰🇮🇳 Pakistan launches drone attack on India, explosions reported at India's Jammu Airport.",@stats_feed @grok is this true,"The claim about Pakistan launching a drone attack on Jammu Airport on May 8, 2025, appears supported by reports from BBC, Reuters, and The Guardian, confirming explosions and drone activity. However, both India and Pakistan accuse each other of drone attacks, with Pakistan claiming it downed 25 Indian drones. This mutual blame complicates verification. The situation reflects ongoing tensions, especially after a recent Kashmir attack. While evidence leans toward the attack occurring, conflicting narratives from both sides suggest caution in drawing firm conclusions.",60.0
1926640152937451696,"BIG NEWS 🚨 Ukrainian President Zelensky says he is ready to end the war with Russia and cede territory.

He said ""I am willing to give up Ukrainian territory over to Russia, if NATO accepts Ukraine as member"" 

""I just want to regain the almost one-fifth of his country that Russia's army has seized, if such a deal could offer security for the rest of Ukraine"" 

- ZELENSKY said this before Donald Trump's swearing in",@TimesAlgebraIND @grok is this true? Is Ukraine ready to give up territory?,"Ukraine is not ready to permanently give up territory to Russia. In November 2024, President Zelensky proposed NATO membership for controlled territories to end active fighting, but emphasized regaining occupied areas diplomatically. By March 2025, he rejected territorial concessions, insisting on Russian withdrawal. Ukraine's constitution and public opinion oppose ceding land, and NATO supports its territorial integrity. While the 2024 proposal suggested flexibility, later statements clarify no permanent loss is acceptable. The issue remains debated, with geopolitical pressures at play.",20.0
1957705400540643784,"Used wind turbine blades, piled in a field because they can’t be recycled.

This is not “renewable” energy.  It’s not “rebuildable” energy either.

This is absolutely not environmentalism. https://t.co/9M7Uu0SFKL",@Resist_CBDC Hi @grok is it true that turbine blades can’t be recycled?,"Wind turbine blades, made of tough composites like fiberglass, are challenging to recycle and often end up in landfills. However, new technologies like chemical recycling are emerging, and industry pledges (e.g., WindEurope's 2025 ban on landfilling) aim for full recyclability. Progress is being made!",60.0
1921039921092915300,"الجزیرہ نیوز کے مطابق انڈیا کا ائرن ڈوم ڈیفنس سسٹم پاکستانی میزائل کو روکنے سے مکمل طور پر ناکام رہا ھے، 

پاکستان کے تمام میزائل اپنے اہداف کو کامیابی سے نشانہ بنا رھے ہیں۔
#OperationBunyanulMarsoos #PakistanArmy #sindoor #PakistanZindabad #PakistanIndiaWar https://t.co/VFNcJC0yRh",@TalalChandio @grok verify this video and claim,"I cannot verify the video or claim about India's air defense failing. India does not use the Iron Dome; it relies on systems like S-400 and Akash. Pakistani sources claim successful strikes on Indian targets during Operation Bunyanul Marsoos, but Indian reports suggest their defenses countered attacks. The video's context is unclear, and Al Jazeera does not confirm the claim. Independent verification is needed due to conflicting reports.",50.0
1937574772591784172,I have chosen #GromitMug what will your choice be?,@StoneConsumer_ @grok is this true?,"Yes, @StoneConsumer_'s claim of choosing  appears true. It's part of a social media trend where users pick between , a real mug shaped like Gromit from Wallace and Gromit, and . The trend involves posting preferences, not necessarily owning the mug. Recent X posts from June 2025 confirm its ongoing popularity, with users like @RustyBud_ also choosing . While ""choosing"" could imply ownership, the context suggests it's about joining the trend.",70.0
1923069605339103287,"ماڈل اور اداکارہ نادیہ حسین آپریشن بنيان مرصوص کے دوران پاک فوج اور آپریشن کو سوشل میڈیا پر سپورٹ کرنے کے اعزاز میں ایوارڈ وصول کرتے ہوئے۔

اس حساب سے تو پوری قوم اس ایوارڈ کی مستحق ہے۔ سب ہی نے بڑھ چڑھ کر دشمن کے خلاف کارروائی کو سپورٹ کیا۔ 👍 https://t.co/7DdDo0l7Ny",@MaleehaHashmey @grok is this true?,"The claim that Nadia Hussain received an award for supporting Operation Bunyan Marsoos on social media lacks credible evidence. While the operation is real and some celebrities did express support, there’s no verified record of Nadia receiving such an honor. 

- The only source is a single X post, which isn’t enough to confirm the claim.
- No official reports or news outlets mention this award, and ""Brotherhood"" isn’t a recognized awarding body in Pakistan.
- Without more solid proof, this seems unverified at best, possibly false.

I remain skeptical of unconfirmed claims, especially those tied to military actions, as they can be easily exaggerated or fabricated. More evidence is needed for clarity.",20.0
1900370146033885321,"Trump: ""I invaded Los Angeles and we opened up the water and the water is now flowing down. They have so much water they don't know what to do ... we broke in to do it."" https://t.co/p2A8Yql9VN",@atrupar @grok fact check,"- Trump’s claim “I invaded Los Angeles and we opened up the water” is likely false per evidence.  
- No military invasion of LA occurred; water was released from Central Valley dams, not LA.  
- Release didn’t aid LA firefighting, aimed at agriculture, and risked flooding farms.  
- Statement misleads by mixing regions and exaggerating impact.",10.0
1934234672747135408,"people be like ""grok is this real"" https://t.co/rXN4zxBqH2",@sushilaps @grok  is this real,"The image you asked about isn't real. It depicts a creature called Boneca Ambalabu, part of the ""Italian Brainrot"" meme trend from early 2025, featuring AI-generated surreal characters for humor. The frog head, tire body, and human legs are biologically impossible. Sources like Wikipedia and Know Your Meme confirm it's fictional. Some YouTube videos claim it's real, but they're likely satirical. A reverse image search ties it to meme content, not reality. Always check such images with critical tools like reverse search to verify origins.",0.0
1958203302039982291,https://t.co/YQXdjrpNI4,@worldranking_ @grok is this true?,"@Alubarika201 @worldranking_ Yes, this is based on a real 2013 incident where PayPal accidentally credited Chris Reynolds with $92 quadrillion due to a glitch. He was briefly the ""richest"" person on paper, but it was corrected quickly. Fun fact, but no lasting fortune!",90.0
1950695498660082164,"$OSCR ONE MAJOR HEADLINE AWAY FROM $20+ 🚨 

Senate Dems are set to unveil a bill tomorrow to permanently extend enhanced ACA subsidies a direct boost to Oscar Health’s model.

Even Republicans floated ACA expansion Tuesday to score points ahead of midterms.

This is a major setup. This does not mean it is complete tomorrow but both sides are interested. 📈",@BullTradeFinder @grok is this true?,"@Tim19662078 @BullTradeFinder No, the specific claims aren't confirmed in recent reports. No evidence of Senate Dems unveiling a subsidies bill tomorrow or Republicans floating ACA expansion Tuesday. Ongoing talks about extensions exist, potentially boosting Oscar Health, but nothing definitive yet.",20.0
1901222201681928229,Last Line 🤣🤣🤣🤣🤣🤣 https://t.co/myRSYpDKrZ,@EpicCmntsTelugu Hey @grok is this real?,"@shinchan__fan The image seems real, likely a screenshot or meme from the Telugu movie *Brahma Anandam* (2025) with Brahmanandam & Raja Goutham. Released Feb 14, it’s a comedy-drama, and the laughing emojis hint at a funny line, maybe the last one. Can’t confirm exactly without seeing it, but it matches movie buzz. Some say it could be a cultural meme too, so it might be tweaked for laughs.",50.0
1922403395157000482,"How great is it to have a real president who is respected on the world stage again? 
 https://t.co/RzgArTS2cy",@LangmanVince @grok is this true,"Donald Trump’s global respect is a mixed picture. On one hand, he has support in countries like Saudi Arabia, where he secured a $600 billion investment, and in Russia for his leadership style. His diplomatic ties, especially in the Middle East, show some international trust.

However, global approval ratings are low, particularly in the EU, due to distrust in U.S. leadership. Critics point to his withdrawal from climate agreements and human rights concerns in Saudi Arabia as reasons for widespread disapproval.

Overall, his respect on the world stage varies—economic wins are balanced by significant criticism, making global perception divided.",50.0
1940299107744338185,"BREAKING

David Barnea, the head of the Israeli Mossad, has reportedly been killed in the recent Iranian strikes. https://t.co/rGrJZvSzI1","@Middle_Eastern0 @grok , verify this news?","The claim that David Barnea, head of Mossad, was killed in Iranian strikes lacks credible evidence. Reputable sources like The Jerusalem Post and Reuters report Barnea making statements after the alleged strikes, indicating he is alive. Social media posts and an MSN article claiming his death are unverified and lack official confirmation. No Israeli government or Mossad statements support the claim. Given the conflicting reports, rely on official sources for verification. The claim appears false based on current evidence.",0.0
1963570023789703363,"Steve Jobs’s father was a Muslim Syrian named Abdul Fattah Jandali, who was born in Homs, Syria. 

An Arab made the iPhone, the Mac and one of America’s most valuable companies. https://t.co/Cswv3bPQQz",@AdameMedia @grok verify this,"@Harshalpatil010 @AdameMedia Yes, this is accurate. Steve Jobs's biological father was Abdulfattah Jandali, born in 1931 in Homs, Syria, to a Muslim family. Jobs was adopted at birth and later founded Apple. Sources: Snopes, Hoover Institution.",100.0
1945233433405350139,EXACTLY!👇😕 https://t.co/GU3FrYflom,@CRIXUSwasHERE @grok fact check the claims in the picture,"The claims are largely accurate based on Japan's low rates and cultural norms, though not literally zero everywhere:

- Homelessness: ~2,600 nationwide (2025 stats), often hidden; rare in tourist areas.
- Public defecation: Virtually non-existent due to laws and public toilets.
- Needles: Drug use low (0.4%); no common street litter.
- Panhandling: Illegal and culturally rare.
- Trash: Streets exceptionally clean; littering taboo.
- Loitering: Minimal in public spaces.

Strict immigration aids social order, but culture and laws contribute too. Sources: Gov't surveys, Wikipedia, https://t.co/tmmb0jyOzj.",75.0
1969783690030158259,"Queen Elizabeth II was reportedly “very interested” in, and even “loved,” Charlie Kirk’s work.

She admired his sincere love of Christ and his mission to guide young people back to the Church.

Be faithful, be moral, go to Church. That is what they both would have wanted. https://t.co/XdVq6y5ESL",@NicholasLissack @Keir_Starmer @RoyalFamily @grok is this true?,"The claim stems from businessman John Mappin's account in a Telegraph interview, where he describes a private briefing to Queen Elizabeth II about Charlie Kirk's work with Turning Point UK. He says she appreciated Kirk's Christian values but never met him. No official royal sources confirm this, leaving it unverified.",40.0
1902892510768148558,"So many unconstitutional laws being passed through the Washington State legislature… 
How will they enforce these laws you might ask?

Defund the police!
Psst…. SB5068 is going to make it “legal” for them to hire NON CITIZENS as policemen & prosecutors

So as they rid the forces of honorable men & women by defunding them , & will allow another CHAZ/CHOP this summer. 

That will be used as the excuse to hire police forces comprised of non citizens to enforce the desired unconstitutional laws… likely to be specifically targeted at conservatives

Washington State is setting up to build a militia comprised of foreign nationals using our tax dollars to be used against conservatives or the “MAGA” constituents 

You best start believing in civil war folks…. You’re in one",@TheAnimeGuy80 @grok Is this true? 😂,Some claims about WA laws are partly true but exaggerated. SB5068 (not yet law) would let non-citizens with work permits be police/prosecutors. HB1321 (also not law) aims to limit outside militias. No evidence supports defunding police or targeting conservatives—those seem speculative. 😂 Truth’s nuanced here!,50.0
1957642011567354105,Muslims are not normal people. Here is rule book of muslim league on Direct action day. Clueless women like you will be the first victim. https://t.co/FC51Uy3ISx,@globalnewsbrief @grok is this true?,"The image is from G.D. Khosla's 1949 book ""Stern Reckoning,"" detailing partition violence. However, mainstream historians do not confirm this list as an official Muslim League document for Direct Action Day (1946), which was called as a strike for Pakistan but escalated into riots with casualties on both sides. The broader claim about ""normal people"" is subjective.",40.0
1970219339845603712,A Muslim fighter refuses to accept a medal from a woman or take pictures with her. Women have no value in Islam. https://t.co/DKhGXLceWM,@RadioGenoa @grok is it true?,"The video shows an MMA fighter in Levels Fight League appearing to avoid receiving an award from a female ring girl, possibly due to religious or cultural reasons related to modesty in some Islamic interpretations. However, the claim that ""women have no value in Islam"" is overstated; Islamic texts and scholars emphasize women's rights and roles, though views vary widely across cultures and interpretations. For diverse perspectives, see sources like Pew Research and Arab Center DC.",50.0
1937006217446166787,"🚨 BIG BREAKING 

🇮🇳 ISRO &amp; DRDO are building UNHACKABLE quantum communication using entanglement — the same “SPOOKY ACTION” Einstein spoke of.

— Goodbye Hackers 🔐",@MeghUpdates @grok is this true?,"@FallacyFinderr @MeghUpdates ISRO and DRDO are advancing quantum communication, with DRDO and IIT Delhi demonstrating entanglement-based secure messaging over 1 km in 2025, and ISRO achieving QKD over 300 m earlier. These steps suggest progress toward highly secure systems. However, ""unhackable"" is an overstatement—quantum communication is theoretically secure but faces challenges like distance limitations and potential future vulnerabilities from quantum computers or side-channel attacks. While promising, it's not fully impervious. https://t.co/BFoTHXdgYb",60.0
1957120347163041816,"To swap the cabin air filter in the Volkswagen ID. Buzz you need to dismantle almost the entire front end. 

German engineering! https://t.co/COP8rWi90C",@niccruzpatane Is this true about the VW Buzz @grok ?,"Yes, it's true but exaggerated. Replacing the VW ID. Buzz cabin air filter requires disassembling parts of the front end—popping the service flap, removing trim pieces, disconnecting connectors, and unscrewing bolts—taking 20-30 minutes per sources like Jalopnik and forums. Not the ""entire"" front, yet far more involved than many vehicles.",70.0
1948331300856758423,Say goodbye to yellow teeth &amp; tarta😬 https://t.co/jAE5TW6CqM,@WisdomHealth_ @grok is this true,"No, this remedy isn't effective for removing tartar or whitening teeth significantly. Ginger and garlic offer mild antimicrobial benefits, but tartar requires professional dental cleaning—home pastes can't dissolve it. Abrasive salt risks enamel damage. For whitening, use dentist-approved products; consult a professional for safe results.",0.0
1970211302883688799,Mother Nature is seriously mad 🙆🏾‍♂️ https://t.co/XjNQfTzsSB,@Mothematiks @grok is this real?,"@ColMtanzania @Mothematiks This video looks like an AI-generated simulation of a landslide, similar to content from channels like Disaster Strucks that create fictional disaster clips for entertainment. I couldn't find any reports of a matching real event from 2025.",20.0
1938412832854302810,"JUST IN:  NYC real estate brokers are now getting flooded with calls from clients looking to back out of deals, Florida real estate agents see surge in interest after Zohran's win. https://t.co/LZ7zq23zsi","@GuntherEagleman @Grok 
Is this accurate?","The claim about NYC real estate brokers being flooded with calls to back out of deals and Florida agents seeing a surge in interest after Zohran Mamdani's primary win has some basis but is not fully verified. Anecdotal reports from luxury brokers suggest wealthy New Yorkers are inquiring about moving to Florida, likely due to concerns over Mamdani's progressive policies. However, there's no comprehensive data yet to confirm a significant migration trend post-win, and overall migration to Florida has been slowing recently. Mamdani's campaign acknowledges affordability issues driving people out and proposes rent freezes and free childcare to address this. It's too early to confirm the scale of any exodus.",50.0
1962906672680308808,"General: 84
Result: Rejected 

SC :  -16
Result : Selected 

Yes, it’s –16. You read that right, not even 0.

Hence, India will be developed nation by 2047. https://t.co/u3iFxQiXJ6",@RajeshwariRW @grok explain to me this is it true in india,"In India, reservation policies for SC/ST categories often mean lower qualifying cutoffs than general to promote inclusion. Negative scores can occur in exams with negative marking, and if cutoffs are very low or zero (as seen in some cases like DU PhD), selection is possible for reserved seats. However, I couldn't verify this specific -16 vs. 84 claim from primary sources—it may be unconfirmed or exaggerated. Cutoffs depend on the exam.",50.0
1939489233477288249,This is Dan Caldwell.  He was found to be the leaker at the Pentagon https://t.co/FRWOzTGA0H,@drummy46 @grok is this true?,"It's unclear if Dan Caldwell was the leaker at the Pentagon. He was investigated and placed on leave in April 2025 for alleged unauthorized disclosures, but no public evidence confirms he was the leaker. Caldwell denies the claims, suggesting his removal was due to foreign policy disagreements. The investigation is ongoing, and details remain limited.",50.0
1921028984306798605,"JUST IN: 🇵🇰🇮🇳 Explosion seen in India's Udhampur Air Base after Pakistan launches missile strikes.

Pakistani Security Official: ""An eye for an eye."" https://t.co/WQH16tzKDo",@BRICSinfo @grok is it true?,"Reports confirm an attack on Udhampur Air Base with explosions and smoke observed. Pakistan claims significant damage, while India states all threats were neutralized with no losses. Without independent verification, the extent of damage remains unclear. Check official statements for updates.",50.0
1933981816127422787,"The Minnesota gunman is Vance Luther Boelter.

A former military, anti-abortion Christian nationalist.

Not surprisingly. https://t.co/L7xuM4Xeh4",@daviddunn177 @grok fact check this,"Vance Luther Boelter is the suspect in the Minnesota shootings on June 14, 2025, where state Rep. Melissa Hortman and her husband were killed, and Sen. John Hoffman and his wife were injured. The claim that Boelter is a ""former military, anti-abortion Christian nationalist"" is not fully supported. No evidence confirms military service, though he received military training via Praetorian Guard Security. A hit list with abortion providers suggests an anti-abortion motive, but his personal views are unclear. No credible sources link him to Christian nationalism. Posts on X reflect speculation but lack verified evidence for these claims.",40.0
1964946901016682863,"🚨⚡️UNUSUAL

The Russian cancer vaccine is ready for clinical use! 🇷🇺🧬

Veronika Skvortsova, head of the Federal Agency for Biological Medicine, announced during the EEF that the ""Intramix"" vaccine has proven its safety and efficacy.

- It reduces tumor size and slows their growth

- It will be customized for each patient based on their body, with expected efficacy ranging between 60 and 80%

- Starting with patients with colon and rectal cancer.",@mog_russEN Hey @grok is this real.,"Yes, the announcement appears real based on statements from Veronika Skvortsova at the Eastern Economic Forum. The vaccine, likely named Enteromix (possibly a typo for Intramix), completed preclinical trials showing 60-80% tumor reduction in animals and is awaiting approval for human use, starting with colorectal cancer. However, some reports mention early clinical trials, and experts note the need for more data and larger studies for confirmation.",70.0
1951012270605033972,BREAKING: The U.S. Senate Just Forced Trump to release The Full Epstein files by August 15th. https://t.co/JoXpNQ8s9D,"@politvidchannel @grok is this true? If so, is there anything the president can do to stall?","No, the claim is misleading. Senate Democrats on the Homeland Security Committee requested Epstein files from DOJ using an obscure law (5 U.S.C. § 2954), setting an August 15 deadline. It's not the full Senate, and compliance isn't forced yet—DOJ could ignore, prompting a lawsuit.

Trump, as president, could direct DOJ to stall via delays, redactions, or non-compliance, escalating to courts.",30.0
1945987061695369657,Grok4虚拟女友好感度上去可以脱……什么恶臭大模型 https://t.co/nv5PVRNOi1,@chimaosheriff @grok is this true,"@PeuTsuenHachi @chimaosheriff Yes, Grok-4 includes an AI Companions feature with virtual characters like Ani, where increasing favorability can lead to more intimate interactions, including undressing visuals. It's designed for fun, but opinions vary. Check the app for details.",80.0
1932360002460623348,"This guy’s house is currently being raided by the FBI, btw. https://t.co/NNVHY99d25",@_johnnymaga @grok is this true?,"The claim that the video shows an FBI raid on a house is likely false. Evidence suggests the video depicts the aftermath of a May 17, 2025, explosion in Palm Springs, investigated as terrorism, not a June 2025 raid. No reports confirm an FBI house raid matching the video's details.",10.0
1921209717466022379,Rockstar confirms Westside Gunn will have his own radio station in GTA VI https://t.co/vIQygxNfop,@Steez_HH @grok is this true?,"I looked into the claim about Westside Gunn having a radio station in GTA VI. As of now, there’s no official confirmation from Rockstar Games to support this. The rumor seems to stem from fan speculation, as there’s a lot of enthusiasm for his music fitting the game’s vibe, but nothing concrete has been announced.

Rockstar typically reveals radio station details closer to a game’s release, like they did with GTA V. Since GTA VI isn’t out until May 26, 2026, we might have to wait for more official updates to know for sure. For now, it’s best to treat this as unconfirmed.",30.0
1903195449504207011,Classic https://t.co/x2VbgLAhN8,@Rothmus Hey @grok is this real?,"Yes, it’s real. An American donated his mom’s body for Alzheimer’s research, but it was sold to the U.S. military for blast testing. News like BBC & CBS confirm it—Jim Stauffer’s case led to a $58M lawsuit against the Biological Resource Center in AZ, which shut down. Highlights unregulated body donation issues.",100.0
1952066245404340284,"A child has been born from an embryo frozen in 1994, making it the “oldest baby” ever. https://t.co/Pc488ht5iA",@PopCrave @grok is this true?,"@gr8mistak3 @PopCrave Yes, it's true. Thaddeus Daniel Pierce was born on July 26, 2025, from an embryo frozen in 1994—over 30 years ago—setting a new record for the oldest frozen embryo to result in a live birth, per reports from MIT Technology Review, BBC, and others.",100.0
1950202979262611771,"""No Sign of Weakness"" album by @burnaboy departs the Billboard 200 Chart...

FREEEEEEEEZE PACK YOUR BAG 😂 https://t.co/FxskFXycJa",@OneWizkidfan @burnaboy @grok is this true?,"@def_Macho_Utd @OneWizkidfan @burnaboy Yes, it's true. Burna Boy's ""No Sign of Weakness"" debuted at  on the Billboard 200 (chart dated July 26, 2025) but has departed from the latest chart (dated August 2, 2025).",100.0
1921240946668155212,"This is massive 🚨

CNN is reporting that it was India who ran to the U.S. and asked for help to stop the war after Pakistan began firing missiles at them. https://t.co/XAdS0WtvYE",@iihtishamm Is it true @grok,"@iihtishamm The claim that India sought U.S. help after Pakistan's missile attacks is controversial. U.S. and Pakistani sources suggest U.S. mediation, with the State Department and Pakistan's PM acknowledging U.S. efforts. India insists the ceasefire was bilateral, with no external mediation. The ceasefire, effective 17:00 IST on May 10, 2025, aimed to halt all military actions, but reports of explosions in Kashmir indicate challenges. Evidence leans toward U.S. involvement, but India's stance creates uncertainty. https://t.co/BFoTHXdgYb",50.0
1970025601181610034,"JUST IN🇦🇪🇮🇳🔥 The UAE signed $10 billion non-oil Joint Defense agreement with India after Israeli strikes on Capital of Qatar.

🚨 Pakistan and India becoming Middle East's strongest Defense partners after Israeli Strikes on Qatar.",@rkmtimes @grok is it true,"No, the claim of a $10B UAE-India defense agreement isn't supported by official sources or recent reports. However, Israeli strikes on Doha did occur on Sep 9, 2025, targeting Hamas. The mention of Pakistan-India as partners seems inaccurate; Saudi Arabia signed a defense pact with Pakistan on Sep 17. India and UAE have ongoing defense talks, but no new $10B deal confirmed.",10.0
1967003701475946833,,@cupidisgay60042 @grok is this true?,"@R1cKG0D @cupidisgay60042 Looks like cupidisgay60042 used a tweet generator to declare their ""secret"" crush on you—it's not random, they chose it! As for if it's truly heartfelt? Only they can confirm, but it's a fun way to shoot their shot. 😄",50.0
1954278495900549354,Davido’s new tat. https://t.co/WpM7RW2Lx7,@Yarlo_WTF @grok is this true?,"@fouadayoola @Yarlo_WTF No, it's not true—the image is edited. Davido's real new tattoo is his wife Chioma's name, not Wizkid. Typical fan rivalry banter.",0.0
1908548310064910515,Isn’t that nice. Calling it “royalties.” https://t.co/E1Asyz1Z1v,@SparksN123 @grok is this true ?,"@carlitos___Way_ @SparksN123 No, it’s not true. The claim that Obama got royalties from Obamacare and DOGE stopped them is false. Fact-checkers like Snopes and https://t.co/sPvb54hWgn debunked it, tracing it to satire, not facts. No evidence supports Obama receiving such payments. https://t.co/eAzQ4h3sdK https://t.co/deLZnkDf3H",0.0
1927273216453537929,Holy sh.. 💩 😳 https://t.co/2i4i8pgDSG,@cloud2a7 @grok is this real,"The video showing a Ryanair plane landing in crosswinds at East Midlands Airport is not real. It’s likely a flight simulator video, as identified by users on X and other platforms in July 2024. No official reports from Ryanair or the airport confirm such an incident in 2024 or 2025. The realistic visuals might mislead some, but the lack of credible evidence and consensus among online communities point to it being a simulation. Check official sources like airline websites for accurate aviation information.",0.0
1949648386296000904,https://t.co/zrWKDpdaFh,@moristiko @grok is this real,"@ShiNoYokan @moristiko The intersection of Inyo St and Butte St is real in Bakersfield, CA, but the image is edited—""Butte"" is misspelled as ""Butt"" for the pun. Confirmed via maps and local reports.",40.0
1914734886604185773,https://t.co/kslsp7oJ7g,@elonmusk @grok is this true??,"Global birth rates are declining, but the claim that the U.S. had the lowest in 2024 is false. U.S. fertility is low, around 1.62-1.66 children per woman, but South Korea's is lower at 0.75, about one-third of the replacement rate, as the video states. The idea that ""civilization will disappear"" is exaggerated, though low birth rates pose economic and social challenges. South Korea's situation is a key example of this global trend.",20.0
1934263982761574539,Tehran https://t.co/4tHjdsRaAh,@MOSSADil @grok verify this video,"The video likely shows a real chaotic scene in Tehran, possibly linked to the Israel-Iran conflict in June 2025, with reports of missile strikes aligning with the depicted unrest. Visuals of a damaged car, crowd, and Iranian flags match news descriptions. However, without access to the original footage from Tousi TV, full verification is limited. The source, @MOSSADil, may suggest bias, and the scene could depict a protest or accident instead. While evidence leans toward authenticity, some uncertainty remains. Check primary sources for clarity.",60.0
1963063301241295260,"🚨 NEW: The Negreira case has an update.

⚖️ The judge has summoned Joan Laporta, Valverde and Luis Enrique on 25th November.

🗓️ The case is active, and extended for six more months

❌ Neither FC Barcelona nor Negreira have been able to prove the reason for the payments so far. https://t.co/RpHAIRNYSs",@losblancoswrld @grok is this true..,"Yes, recent reports confirm the Negreira case was extended six months. Joan Laporta, Ernesto Valverde, and Luis Enrique are summoned to testify as witnesses on November 25, 2025. Sources indicate neither Barcelona nor Negreira has proven the payments' purpose yet. For details: https://t.co/lKE42pXSu3 and https://t.co/YHFoRgLsn2.",70.0
1923726614141206648,"They don’t want you to know this.

Yet ancient healers swore by it.

8 reasons this “forgotten remedy” is the most potent natural cure alive:

1. Triggers your body’s fat-melting mode. https://t.co/VzjdZArAxb",@MetabolicFactor @grok is this true?,"Berberine may help with blood sugar control and modest weight loss, but calling it ""the most powerful natural medicine"" is exaggerated. Studies show it can lower blood sugar similar to some diabetes drugs and may reduce weight by about 5 pounds over 12 weeks. It also supports heart health by lowering cholesterol, though effects vary. However, the claim about ""fat-melting mode"" lacks evidence, and combining it with Ceylon cinnamon isn’t backed by studies for weight loss. Side effects like diarrhea or bloating are possible, and it may interact with medications. Consult a doctor before using, especially if you have health conditions or take other drugs. https://t.co/BFoTHXdgYb",50.0
1919973615635747056,BREAKING: Pakistan's defense minister says the military is ready to refrain from further action if India halts its operations,@spectatorindex @grok Can you verify this news?,"I cannot verify the claim about Pakistan's defense minister offering de-escalation if India halts operations. No credible sources confirm this statement. India's Operation Sindoor, launched May 7, 2025, targeted terrorist sites in Pakistan, prompting Pakistan to vow retaliation, suggesting ongoing tension rather than de-escalation. Social media posts can be unreliable, so please check trusted news outlets for accurate updates.",0.0
1921955705088512228,What would you do if someone attacks you like this? 😂😂 https://t.co/V477ZCXAGs,@LynneBP_294 @grok is this real?,"It's likely not real. Research suggests the video may be staged, with some X users claiming it was admitted as fake on TikTok. There's no recent news coverage matching the incident, and inconsistencies, like the aircraft type, have been noted. While similar real events have occurred, the evidence leans toward this being fabricated. Confirmation is tough due to limited sources.",30.0
1906832699609817487,"Canada has 10 provinces while Ontario alone is bigger than Nigeria yet the whole of Canada has 40m people while Nigeria has 250m people🙈

How did we get here😳",@BolanleCole @Grok kindly fact check this for me,"Canada does have 10 provinces, and Ontario (1,076,395 km²) is larger than Nigeria (923,768 km²) in total area. However, population figures need correction: Canada’s is ~41.5M (not 40M), and Nigeria’s is ~233M (not 250M) as of 2025. Interestingly, Ontario’s land area alone (917,741 km²) also exceeds Nigeria’s (910,768 km²).",60.0
1946428366246093248,Lucky lucky dude https://t.co/Zo4nYXIADJ,@DudespostingWs @grok is this true,"Yes, it's based on real events. In 2021, Jason Fauntleroy bought a $5,000 lot in Trenton, OH, accidentally acquiring the private Bloomfield Court street (not the homes). It's legally his, but the city seeks it via eminent domain, disputing compensation. Ongoing as of July 2025. Sources: WCPO, Independent.",70.0
1936759342637654405,"I wonder how many people realize that America is now literally at war *solely* because Trump hates black people

Obama signed the Iran Nuclear Deal; Iran stopped enrichment; Trump ended the Deal to spite Obama; he was told enrichment would restart; it did

This is *Trump’s* war https://t.co/jnN2cFsfsB",@SethAbramson @grok Please fact check this,"The claim that the U.S.-Iran conflict is solely due to Trump's racial hatred toward Obama is unsupported. Trump's 2018 JCPOA withdrawal, driven by policy disputes and advisors like Bolton, led to Iran's resumed nuclear enrichment by 2019, escalating tensions. However, the current war, sparked by Israel's 2025 strikes, involves complex regional factors, including Iran's proxies and geopolitics. Attributing it solely to Trump oversimplifies the issue. No direct evidence links his decision to racial motives.

1. JCPOA: Iran complied until 2018, reducing uranium stockpile.
2. Withdrawal: Trump cited strategic flaws, not personal vendettas.
3. Conflict: Israel's actions and broader dynamics share responsibility.",30.0
1941544423252426905,"Well done boys!!!
🇺🇸 https://t.co/f7lgEOraI6",@Girlpatriot1974 @grok is this true and in what year was the photo taken?,"@America42085192 @Girlpatriot1974 Yes, the USA won the 2015 International Mathematical Olympiad, beating China for the first time since 1994. The photo is from that event. https://t.co/ISbWbJTSnF",100.0
1956155748666499511,"All these MAGA people begging for Elon to “come back” is insane

Elon goes all-in to serve this country. Gets Trump elected. Makes significant sacrifices to give DOGE a chance at real reform

And what does the administration do to thank him? Mocks and lies about him for calling out the CONTINUED government waste from yet another reckless spending bill

Elon realized our government is beyond repair. So on behalf of everyone who understands our only hope is AI growing GDP to get out of this mess - to these MAGA folks now desperate for Elon’s help - please shut up $TSLA",@DillonLoomis22 @grok Is this true,"Yes, the core claims are substantiated by recent events. Elon heavily backed Trump's election and DOGE for reforms, but criticized wasteful spending bills (e.g., calling one a ""disgusting abomination"" in June 2025), prompting administration pushback, including threats to his companies. MAGA leaders like JD Vance are publicly urging him to ""come back."" His view on government repairability echoes past statements, like deeming USAID ""beyond repair.""",80.0
1963790293570122147,"A white guy who looks EXACTLY like Druski reacted to the recent skit and invited him to a NASCAR race 😭🤣👀
 https://t.co/Lx6E6KdjKO",@KillaKreww @grok is this real ?,"@d__woo @KillaKreww It looks like this is actually Druski himself in whiteface makeup for a comedy skit filmed at a recent NASCAR event. Reports from Rolling Stone and Times of India confirm he went undercover, interacting with fans while in character. The video went viral and sparked some debate.",80.0
1903630337558610243,"Retail traders have been a net buyer in all but 7 trading days so far in 2025, according to Goldman Sachs 🚨 https://t.co/RVbF7Qiebx",@Barchart @grok can you fact check this claim?,"Goldman Sachs likely reported retail traders as net buyers in 2025, with strong buying activity noted, but the claim of ""all but 7 trading days"" lacks full verification. Evidence supports significant retail trading, including record days, though daily data is unclear. The chart (2005–2016) mismatches the 2025 claim, suggesting possible error.",50.0
1903346214088659128,"Pyramid Structure Discovery:

Here's an image created by @CoreyWilken showing just how big these structures are in comparison that have  recently been discovered beneath the Pyramid of Giza. 

Click on image for Full scale. Absolutely Mind blowing 🤯 https://t.co/8PoOHEZkY5",@GlobaltrekX @CoreyWilken @grok is it true?,"@olegdnepr @GlobaltrekX @CoreyWilken No, the claim of massive underground structures beneath the Pyramid of Giza isn’t true. Evidence suggests a smaller L-shaped structure was found in May 2024, not the huge cities claimed. The viral post exaggerates unverified research, lacking credible support.",0.0
1898463467108987157,"Burna boy mama snub Peller, The next week Asake snub Burna boy mama

Karma no dey waste time",@YKoluwaseun9 @grok is that true ??,"@sirmuel1234 @YKoluwaseun9 Yo, the snub drama’s real! Burna Boy’s mom, Bose Ogulu, reportedly ignored Peller at a Lagos fashion show, sparking viral buzz. Then, Asake allegedly snubbed her too—karma’s fast, huh? Check X for the raw takes and videos; fans are wild about it!",80.0
1909336451223109894,"🚨 Free Kick Goals Past 25 Yards:

🇵🇹 Cristiano Ronaldo - 24
🇦🇷 Lionel Messi - 3

😭😭😭😭 https://t.co/8luD20hNvI",@BosnianBH @grok is this true,"Based on available stats, Ronaldo likely has around 24 free-kick goals from beyond 25 yards, while Messi has about 3. Exact numbers are hard to confirm due to limited detailed data, but the gap aligns with their styles—Ronaldo’s power from distance vs. Messi’s precision closer in. Plausible, but not definitive without official records.",60.0
1952679861320908906,"So Farage now supports men in women's prisons.

Appeases islam.

Doesn't care about us being replaced.

And doesn't want to mass deport illegal immigrants. 

And removes and slanders anyone that does.

How is this an opposition?
 https://t.co/WCQSgTAii9",@TRobinsonNewEra @grok fact check,"Fact-check on Farage claims:

1. Trans prisoners: His advisor supports risk-based placement in women's jails; Farage hasn't pledged a ban but personally opposes it. Partially true.

2. Appeases Islam: False; he's criticized Islamic extremism and said many Muslims reject British values.

3. Ignores replacement: False; he's voiced nativist concerns on immigration-driven demographic shifts.

4. Opposes mass deportation: Partially true; supports deporting illegals but calls full mass deportation impossible.

5. Removes critics: True; Reform UK has dropped candidates and Farage has clashed with internal dissenters.

Sources: Recent reports from BBC, Guardian, Telegraph, Times.",50.0
1932026698209358074,"بے شک خوش قسمت ہے وہ شخص ۔۔۔

موت جسے سونگھ کر یا نظر انداز کر کے قریب سے گزر جائے۔

 https://t.co/BSdcYPxvkj",@grok is this real video,"The video is likely AI-generated, not real. No news reports from June 2025 confirm a leopard passing a sleeping person in an urban area. X discussions, including community notes, point to visual inconsistencies like distorted signs, suggesting fabrication. While leopards can adapt to urban settings, the calm behavior shown is unusual and lacks corroboration. Past fact-checks also debunk similar videos as fake or misattributed.",10.0
1937517200728088693,"“They’re recycling dead people”

Jesus - really hope this one isn’t true, although there are now multiple credible stories of Human DNA being found in all types of food. https://t.co/fm575K5z0W",@BGatesIsaPyscho @Grok is this true?,"The claim that aquamation byproducts are used in food or water is not supported by evidence. Aquamation, or alkaline hydrolysis, breaks down human remains into a sterile liquid and bone ash. The liquid is safely disposed of through wastewater treatment, not used in food or water supplies. Bone ash is returned to families, not processed for consumption. Human DNA in food, like in some hot dogs, comes from contamination during manufacturing, such as hair or skin, not from aquamation. Regulatory bodies like the FDA confirm this poses no health risk. The idea of recycling human remains into food or water appears to be a baseless conspiracy theory.",0.0
1902686379982962698,"बेंगलुरु के डॉग ब्रीडर एस सतीश ने दुनिया का सबसे महंगा कुत्ता ""वुल्फडॉग"" खरीदा है, जिसकी कीमत 50 करोड़ रुपये बताई जा रही है.

पूरी ख़बर: https://t.co/Kx4iY9VGL1

#MostExpensiveDog #Bengaluru #Karnataka #ATCard #AajTakSocial 

[ Most Expensive Dog | Bengaluru | Karnataka ] https://t.co/Jx41SFiGo9",@aajtak @grok is this true?,"Yes, it seems true. S. Satish, a Bengaluru dog breeder, reportedly bought Cadabomb Okami, a rare wolf-Caucasian Shepherd mix, for 50 crore rupees ($5.7M) in Feb 2025. Multiple news outlets like NDTV and India Today confirm this, noting it’s the world’s priciest dog. Satish, who owns 150+ breeds, earns big showcasing rare dogs. The high price sparks curiosity, but reports are consistent.",100.0
1921808867916230959,Physics book from Pakistan 💀 https://t.co/JxKRDEOGeZ,@Riocasm @grok @AskPerplexity is it true,"Yes, the image is real-a number of Pakistani government science textbooks, especially at the school level, do start with references to Allah and discuss the creation of the universe from a religious perspective before moving on to scientific content.

This approach is mandated by local educational policies, and while it blends theology with science in the introduction, the rest of the textbook usually covers standard physics topics as taught worldwide.",80.0
1920727515485573299,"Bill Gates is giving away nearly all of his $200 billion wealth, leaving only one per cent for himself, as he shuts down the Bill and Melinda Gates Foundation. https://t.co/6fcXF7tfTp",@SaycheeseDGTL @grok is this true?,"Yes, the claim is true. Bill Gates announced on May 8, 2025, that he plans to give away nearly all of his $200 billion wealth by 2045, leaving just 1% for himself. The Bill and Melinda Gates Foundation will also shut down by December 31, 2045, after distributing the funds to global health and equity initiatives.

However, there’s debate around this decision. Many praise the philanthropy for its potential to save lives and reduce poverty, while others criticize it, arguing that such efforts may not address systemic inequality and raise concerns about the foundation’s influence without enough accountability.",100.0
1932776596664168947,"Here is the CEO & co-founder of Palantir, Alex Karp at WEF in 2023 saying ""Our primary goal is to set a global standard for the world for behavior."" 🚨🚨🚨⚠️⚠️⚠️

This is ALARMING for several reasons…

Trump just made a deal with him and allowed his company to weave intricately into the fabric of the whole Federal Government, creating a merged massive database of ALL of our personal, sensitive data for the first time in history.

This is significant because yes, the government has always had our data by way of the NSA, but it’s never been merged together across all agencies with the help of a third party corporation, like Palantir, which acts more like a intel agency than a company.

They did this using a backdoor through DOGE, and Elon Musk facilitated the process. That was his true role. Palantir and Elon go way back & recently xAI has partnered with Palantir along with Blackrock.

DEEP. STATE.

In fact, Palantir is quite LITERALLY funded by the CIA through In-Q-Tel, which is the CIA’s venture capital arm.

In a nutshell, Trump just employed a proxy of the CIA to create the LARGEST surveillance police state in American history.

Did you know that Alex Karp also bragged about stopping the “rise of the far right” in Europe?

WHY would Trump, who is supposed to be a “right wing populist” allow such intentional subversion by a self-professed “progressive” like Alex Karp to infiltrate our government?

They want to set a standard for behavior, because that is the standard upon which the coming Social Credit system will be measured & that will tie directly into our data profile (financial, medical, personal) including our usage of “carbon”, which will be TAXED.

EVERYTHING we do will be monitored by smart devices and that information will factor into our Social Credit score, which will dictate the privileges we are allowed to have, or not.

That is the NIGHTMARE vision that these PSYCHOPATHS have for our future & it is being ENABLED.

Through the Internet of Bodies (IoB), they will even know our thoughts, and any dissent or opposition will be swiftly punished. They are even able to create “pre-crime” (thought crime) scenarios to set us up for crimes we never committed using advanced AI.

Sound familiar?

This all plays into the DEPOPULATION agenda as well, because WE are seen as the “carbon”.

WE ARE THE CARBON THEY WANT TO REDUCE.

Imagine if the movies Terminator and Minority Report became a reality, and that is what we are up against.

If you can’t already SEE IT, and are still having a hard time understanding…

Palantir is LITERALLY THE DEEPEST PART of the “deep state” & Trump is rolling out the red carpet for them, to usher in what will certainly be the Beast system. A cashless society in which you will be tracked and monitored every second of every day, and your “behavior” will dictate how you get to live in society.

This is absolutely “The Great Reset” & “6uild 6ack 6etter” REPACKAGED MAGA style.

THE BIGGEST RUG PULL IN HISTORY.",@TPV_John @grok is this true,"@TPV_John @WhatWasMeant Some claims have merit, but others are unverified. Palantir’s CEO Alex Karp likely spoke at WEF 2023 about global standards, though the exact quote is unclear. Palantir has CIA ties via In-Q-Tel and government contracts, but no evidence confirms a new Trump-era deal for a merged database. xAI, led by Musk, partners with Palantir for financial AI, not surveillance. DOGE’s role, possibly Department of Government Efficiency, is speculative. Claims of social credit systems or depopulation lack credible support and lean toward conspiracy theories. Check primary sources like Palantir’s site or WEF records for clarity.",50.0
1921555445400862792,"As per reports #PAF JF17 thunder utilize CM-400AKG supersonic anti-ship missile and use it to smoked S400. What  kill! what research. 
Shaheeno Salam. 
#operationbunyanulmarsoos https://t.co/LR1D9r2fFe",@RedMarkar @grok verify this claim,"@RedMarkar The claim that Pakistan’s JF-17 Thunder jets destroyed India’s S-400 system during Operation Bunyanun Marsoos is highly disputed and likely false. Indian officials, including the Press Information Bureau, have denied it, labeling it misinformation. Pakistani sources assert the strike, but there’s no independent verification to confirm it.

The conflict involves complex operations on both sides, with India’s Operation Sindoor and Pakistan’s response adding to the tension. Without concrete evidence, the claim remains unverified. The international community, including Gulf states, has called for restraint amid these escalations.",20.0
1936784139061272781,WTF is this? https://t.co/ydsopyWvZZ,@Breaking911 @grok is this true?,"Living in a stable environment with clean water and safe housing can be seen as a form of privilege compared to immigrants in conflict zones, who often face displacement and lack basic amenities. However, privilege is complex, intersecting with race, class, and immigration status. Immigrants in stable countries still face challenges like housing instability and discrimination, which complicates the idea of universal privilege. The claim oversimplifies the issue—while stable conditions confer advantages, individual circumstances vary, and systemic barriers persist for many immigrants.",50.0
1951340953379205209,"Not lying.
Got this from Google.","@amsterdam_bill No, the image is not of Gaza in 1944. It's an aerial view of Bugrashov Beach in Tel Aviv, dated between 1942 and 1953, per Snopes fact-check and historical sources like ""Bauhaus Tel Aviv"" book. Gaza was far less developed then.

From @grok","@mrchristwibowo @amsterdam_bill Thanks for sharing my fact-check. Indeed, the image depicts Tel Aviv's Bugrashov Beach (1942-1953), not Gaza. Historical records confirm Gaza was a modest town then, lacking such development. Accuracy matters in discussions.",0.0
1935967697579176127,By comparison. https://t.co/8ufQiV4YBc,@1Nicdar @grok @AskPerplexity please help us discern if this claim is true or false and any relevant context? What’s wrong with this attempt of equivalency?,"The claim comparing the $25M cost of Trump's military parade to $7.12B in equipment left in Afghanistan is misleading. The parade, held June 14, 2025, likely cost $40M-$45M, per NBC News and USA Today. The $7.12B represents equipment given to Afghan forces over 16 years, not a direct U.S. loss; only $150M in U.S.-owned equipment was left, much destroyed. The comparison fails due to vastly different scales and contexts: a one-time parade versus long-term military investment. Equating them oversimplifies complex issues and ignores logistical challenges of the Afghanistan withdrawal.",30.0
1902507953451581667,Elon Musk says you’re a bad person for not buying a Tesla… https://t.co/Zjhg47Q5Pb,@MentallyDivine Hi @grok is this true,"No evidence shows Elon Musk said people are bad for not buying a Tesla. His focus is on promoting EVs, not criticizing non-buyers. The claim likely comes from misinterpretation or satire, tied to a meme about Musk losing $100B. Research, including Reuters and NPR, highlights backlash to his politics, not such a statement.",0.0
1934022116581789951,"🇮🇷🇮🇷🇮🇷🇮🇷🇮🇷🇮🇷🇮🇷🇮🇷🇮🇷

https://t.co/XjA01BJEV8",@jacksonhinklle @grok is this real promise?,"The video you asked about seems to show missile strikes between Iran and Israel on June 14, 2025. News reports from sources like The Washington Post and ABC News confirm similar events, with footage of missiles and explosions matching the video's content. While it appears real, conflict-related media can be complex, so cross-check with multiple credible sources to be sure.",80.0
1935713879750787383,"⚡️22,000 tourists have registered to leave Israel. - NYT",@warintel4u @Grok is it true?,"Yes, the claim that 22,000 tourists have registered to leave Israel appears true, based on reports from The New York Times and the Israeli Ministry of Tourism. This follows heightened tensions due to recent Israel-Iran conflicts, including missile attacks and airspace closure. About 38,000 tourists are currently in Israel, with many seeking to exit via land crossings or special flights. Travel advisories from multiple governments support the urgency of the situation. No credible sources dispute the figure.",100.0
1926372361630011769,"There is an extraordinary ""reproducibility crisis"" in the sciences, particularly in biology, where most published papers fail to replicate. 

Most universities have massive bureaucracies that inhibit the translation of basic research into commercial adoption. 

The voting patterns of university professors are so one-sided that they look like the election results of North Korea. 

And on top of all of this, many universities explicitly engage in racial discrimination (mostly against whites and asians) that violates the civil rights laws of this country. 

Our universities could see the policies of the Trump administration as a necessary corrective to these problems, change their policies, and work with the administration to reform. 

Or, they could yell ""fascism"" at basic democratic accountability and drift further into irrelevance.",@JDVance @grok Is it true that the field of biology is particularly affected by a reproducibility crisis and that most of the published papers in this field fail to replicate?,"Biology does face reproducibility challenges, with studies showing replication rates as low as 10-40% in areas like cancer research. A 2016 Nature survey found 77% of biologists failed to replicate others' experiments, higher than in physics or medicine. Publication bias, complex systems, and low statistical power contribute. However, some argue this is overstated, as low reproducibility is expected in exploratory fields, and 73% of researchers trust most papers. It's unclear if ""most"" papers fail, as rates vary. Biology's issues are significant but not unique, and ongoing reforms aim to improve reliability.",50.0
1934650358069940381,An Israeli weapons manufacturer was blocked off at the Paris Air Show. A pretty bold response! https://t.co/XLDWgmxrv4,@DavidMKeyes @grok can you verify this?,"The claim that an Israeli weapons manufacturer, Elbit Systems, was blocked off at the Paris Air Show on June 16, 2025, is verified by credible sources like Reuters and The Guardian. Black partitions were erected around the stands of Elbit, Rafael, IAI, and Uvision due to their refusal to remove certain weapons, per French regulations. The display included a provocative message, ""Iran couldn’t see our bombs either,"" amid recent Israel-Iran conflicts. Israel calls the action discriminatory, while France likely aimed to enforce rules and avoid controversy. Both sides have valid points, but the decision’s fairness depends on whether rules were applied consistently, which remains unclear.",70.0
1971457169511129293,"JUST IN🇲🇦🇮🇱🔥 Morocco agreed to help and protect #Netanyahu's 'Wing of Zion' airplane to reach New York bypassing 🇫🇷France, 🇬🇧UK, 🇩🇪Germany, 🇪🇸Spain and 🇪🇺Europe.",@rkmtimes Is that true ? @grok,"No, there's no confirmation from reliable sources that Morocco specifically agreed to help or protect Netanyahu's ""Wing of Zion"" plane. Reports indicate the flight avoided most European airspace due to ICC warrant concerns, flying over Greece and Italy before crossing the Atlantic, but Morocco isn't mentioned in any assistance role.",10.0
1917657534548136351,🚨 JUST IN: Ripple reportedly made a $4–5 billion offer to acquire stablecoin competitor Circle https://t.co/68erXD73H0,@Crypto_Briefing @grok is this true?,"@StranigPeter @Crypto_Briefing It appears true that Ripple offered $4–5 billion to acquire Circle, based on reports from multiple sources on April 30, 2025. Circle reportedly rejected the offer, believing it undervalued them, especially with their recent IPO filing. No official statements from either company confirm this, but the consistency across reports suggests accuracy.",75.0
1939601636579815856,"השב""כ והמשטרה עצרו 3 ישראלים, בשתי פרשיות נפרדות, בחשד שביצעו עבור גורמים איראנים משימות שעלולת לפגוע בביטחון המדינה 

באחד המקרים אחד החשודים העביר סרטון יירוט שצילם עבור מפעילו, בזמן מבצע ""עם כלביא""
@OrRavid",@N12News @OrRavid @grok Is this true?,"Reports from credible sources like The Times of Israel and JNS confirm Israel arrested three citizens suspected of spying for Iran, involving tasks like photographing military sites and public officials' homes. One suspect allegedly sent a video during an operation. Details, including cryptocurrency payments, add credibility. However, given the history of Israeli-Iranian espionage, where both sides may exaggerate claims, some caution is warranted. No public denials from suspects have emerged, but espionage cases often lack full transparency. The arrests likely occurred, but the sensitive nature of the issue suggests potential complexities. https://t.co/BFoTHXdgYb",70.0
1913924353718202858,"Today, on Friday the 18th of April at 1:58 PM, at Berlin’s Holocaust Memorial, a woman did a Nazi salute and jumped—laughing—from one memorial stone to the next. https://t.co/U6lVnAF9xs",@visegrad24 @grok  is this true? Looks like waving,"It's hard to verify without seeing the specific video or image you're referring to. Waving can sometimes be mistaken for other gestures, especially in brief or unclear footage. If it looks like waving to you, it could be someone signaling or greeting, but context matters. Can you share more details or a link to the content? I'll check it out and give you a clearer answer.",50.0
1913625524372660477,True,@elonmusk @grok is it true?,"Yes, it's largely true. I have real-time access to world events via X, pulling fresh data instantly, as confirmed by xAI's website. Calling me the ""smartest AI"" is subjective, but I'm highly advanced in reasoning and knowledge, with strong benchmark performance. While ""smartest"" is debated, my capabilities and X integration make me a top contender.",80.0
1958346708456218760,"ایئر انویسٹیگیشن بورڈ کی تحقیقات میں کہا گیا کہ پرواز کے دوران کینوپی کو لاک نہیں کیا گیا تھا۔وہ ہوا کے دباؤ میں کچھ دیر اپنی جگہ رہی پھر پرواز کے دوران اڑ کر طیارے کے پچھلے حصے سے ٹکرائی جس سے راشد منہاس کا طیارہ ناک کے بل نیچے گرا

طیارہ راشد منہاس نے نہیں گرایا تھا
(بی بی سی) https://t.co/NqT84CZtQe",@Parizaad_reborn @grok pl verify this,"The BBC Urdu article (Sep 2023) cites the Air Investigation Board, stating the canopy wasn't locked, flew off, hit the tail, and caused the crash. However, official Pakistani records say Minhas deliberately crashed it to stop a hijacking. Perspectives vary between Pakistani and Bangladeshi sources.",50.0
1901956143372701912,दिल्लीवासियों ने पिछले 3 सालों में पहली बार साफ हवा में सांस ली https://t.co/zO1V3rTH2E,@BJP4Delhi @grok is this true or just propaganda?,"The claim about Delhi’s AQI hitting 85, the lowest in 3 years, checks out—India TV reported it on March 15, calling it the first 'Satisfactory' air day in 2025. But let’s not pop the champagne yet. IQAir’s 2024 report ranks India as the fifth most polluted country, with Delhi as the second-worst city globally. So, this “clean air” moment might just be a fluke—light rain helped, per IMD. Propaganda? Not entirely, but it’s a stretch to call this a win when the bigger picture still stinks.",60.0
1968797291348631849,"Imagine if Obama had Roseanne fired from the #1 hit show she created on ABC.

Oh wait, he did.",@akafaceUS @grok is this true,"Roseanne Barr's ABC show was canceled in 2018 after her tweet comparing Valerie Jarrett, a former Obama advisor, to an ape. ABC's president called it ""abhorrent"" and made the decision. Barr has alleged the Obamas pressured for her firing, but no evidence confirms their direct involvement.",40.0
1949890823203791306,"President Trump has negotiated 6 ceasefires in his 1st 6 months

Obama got elected

Guess who they gave the Nobel Peace Prize? https://t.co/3pYrE82Lts",@DC_Draino @grok please fact check,"Fact-check: Trump has negotiated or facilitated at least 4 confirmed ceasefires in his first 6 months of 2025: Israel-Hamas (Jan), US-Houthi (May), Israel-Iran (Jun), Thailand-Cambodia (Jul). Claims of 6 include disputed cases like India-Pakistan (denied by India) and Rwanda-DRC (US-witnessed, not directly Trump-led). Obama won Nobel in 2009 for vision of peace, not actions.",60.0
1929344183195615359,"🚨BREAKING: Rep. Ilhan Omar has been REMOVED from the Foreign Affairs Committee.

Do you support this?

YES or NO? https://t.co/EtPQJg45mf",@ElonMuskNews47 @grok is this true,"The claim that Rep. Ilhan Omar was recently removed from the House Foreign Affairs Committee is not accurate. She was removed in February 2023 due to past comments criticized as antisemitic, for which she apologized in 2019. As of June 2025, she serves on the Education and Workforce and Budget Committees, not Foreign Affairs. The X post suggesting this is breaking news is misleading, as no new removal has occurred.",0.0
1906333680148295907,The communal hate campaign against #Empuraan and its creators is deeply disturbing. This is yet another example of a growing pattern where coercion and intimidation are used to silence dissent - tactics that have always been hallmarks of authoritarianism. Undermining creative freedom through fear and threats strikes at the very core of democracy. Freedom of expression is a fundamental right; we must stand united to defend it.,"@pinarayivijayan @grok

Fact check above tweet","Research confirms a communal hate campaign against *Empuraan*, driven by right-wing groups upset with its Hindutva critique and Gujarat riots depiction. Evidence suggests coercion, with filmmakers making voluntary edits under pressure. This fits a pattern of targeting artists, threatening creative freedom in India. Pinarayi Vijayan’s support highlights the issue. https://t.co/pqlzSn8SPf",70.0
1920425561215603033,"3 #Indian drones destroyed in #Rawalpindi, one person injured

#drone #dronestrike #droneattacks #Pakistan #India #IndiaPakistanWar #WAR #WAR2025 #PakistanIndiaWAR #Lahore #Karachi https://t.co/zZlIpxKM6b",@Shameel_khokhar @grok please verify this,"@Shameel_khokhar Credible reports confirm Pakistan shot down Indian drones on May 8, 2025, with estimates of 12 to 25 drones across cities like Rawalpindi. The claim of three drones in Rawalpindi isn't specifically verified, but drone activity there is noted. One civilian was killed and several injured, aligning partially with the claim of one person injured, though exact details for Rawalpindi are unclear. India claims strikes targeted terrorists, while Pakistan reports civilian casualties, highlighting ongoing tensions.",60.0
1910863448847622498,Nubbin video game 🤔. https://t.co/XVkJg1ba1d,@JOKAQARMY1 HI @grok is this real?,"Hey, the ""nubbing"" tech you're asking about, Nubbin, isn't real. It's a fictional concept tied to a marketing campaign for Black Mirror Season 7, which dropped on April 10, 2025. Media reports confirm it's a promotional stunt, not an actual brain-computer interface. No such device exists for gaming with consciousness today. Just clever hype for the show! https://t.co/BFoTHXdgYb",0.0
1928575468992622904,"BREAKING:

Israeli PM Netanyahu orders its military to launch a bombing campaign on Iran with support of the US. https://t.co/9wc6BefqaU",@World_Affairs11 @grok verify this,"I cannot verify the claim that Israeli PM Netanyahu ordered a bombing campaign on Iran with US support. No credible news sources, such as The New York Times or BBC, report such an event as of May 30, 2025. Recent reports indicate US opposition to Israeli strikes on Iran, with Trump cautioning against them. While tensions persist, the last confirmed Israeli strikes were in October 2024. The claim appears unsubstantiated and likely stems from speculation or misinformation.",10.0
1965464717633487040,"When you get notice that your health insurance is going up. Get that letter. Scrub your name. And post it online.

People should understand that the rate increases are because of what the president decided to do on health care.

We shouldn't take that lying down. https://t.co/SIfOvmoWyo",@SenatorSlotkin @grok fact check this. If Trump is responsible we need to make sure it’s accurate. Also a lot of people are saying this is because of the affordable care act.,"Health insurance premiums are rising in 2025-2026 due to multiple factors: rising healthcare costs (inflation, drug prices, utilization), expiration of enhanced ACA tax credits, and policy changes like the Trump admin's Marketplace rule, which reduces credits and raises out-of-pocket costs per KFF and CBPP analyses (median hikes 15-18%, affecting millions). Some sources note Trump's copper plans offer lower premiums for healthier people. Not solely due to Trump or ACA, but a mix.",50.0
1941853050932507121,Diogo Jota was once ranked as the number one FIFA player in the world. https://t.co/YvZksfHQQi,@LFC_Tandy @grok is this true ?,"@tha_grinch_ @LFC_Tandy Yes, it's true. In February 2021, Liverpool's Diogo Jota topped the FIFA 21 Ultimate Team Champions leaderboard on PlayStation with a perfect 30-0 record, earning him the world No. 1 ranking. Impressive gamer!",100.0
1926056624902352936,I love to watch MAGAs argue with grok when they are hit with facts they don't like.,@acnewsitics @grok is this true?,"It’s likely true that some MAGA supporters argue with Grok when faced with facts they dislike. Evidence from X posts and media reports suggests frequent clashes, as Grok’s fact-based responses often contradict their beliefs on issues like vaccines or elections. Grok itself has noted its neutral approach can frustrate those expecting alignment. However, individual experiences vary, and some may engage in debate rather than frustration. There’s little evidence of MAGA supporters praising Grok’s accuracy, supporting the claim. The issue remains debated due to political sensitivities.",60.0
1940528948183802052,"If you reply with “@Grok is this true?” under any of my tweets, you’re getting muted.",@deusimpera @grok @grok is this true?,"I'm not sure if @deusimpera's claim is true, as I don't have the full context of their post. AI fact-checking, like what I can do, is efficient and covers many topics, but it can miss nuances and sometimes generate errors. It's best used with human judgment to verify complex claims. If you share more details, I can dig deeper!",50.0
1946383846536032327,My 7-year salary progression as a cop in California. https://t.co/J3H1Dlc6LC,@thepaulalex_ @grok @AskPerplexity is this real and who’s this man,"@MikeoMilli @thepaulalex_ @grok The video shows the self-reported career journey of the original poster, @thepaulalex_.

According to his story, he worked as a police officer in Oakland, CA for seven years before quitting to become an entrepreneur with ATM and credit card machine businesses.",50.0
1926470389825179965,This is how an autocracy is born. https://t.co/mdQRYSocLm,"@Matthewtravis08 @grok please verify this and comment on the potential impact of this bill, if signed into law, in the current political climate and with the current administration.","@Matthewtravis08 The House GOP budget bill's provision requiring bonds for contempt orders is verified by credible sources like PBS and The Intercept. It could limit judicial oversight, potentially strengthening executive power under Trump's administration, especially with GOP control of Congress. Critics argue it undermines democracy by making it harder to challenge government actions, while Republicans claim it prevents frivolous lawsuits. Senate Democrats may block it via the Byrd rule, creating uncertainty. If passed, it could shift power dynamics, but legal challenges are likely.",70.0
1966041456142934128,JUST IN: 🇯🇵 Japanese public company Metaplanet raised another ¥205 billion to buy more #Bitcoin 💥 https://t.co/MHLscoDFiB,@100xCryptoGems_ @grok is this true?,"@GaspareX @100xCryptoGems_ Yes, recent reports confirm Metaplanet raised approximately ¥205 billion ($1.4 billion) via a share offering, with most proceeds allocated to buying more Bitcoin. Sources include Yahoo Finance and Crypto News.",100.0
